NO_OF_FRAMES	2000
NO_OF_CAMERAS	2
NO_OF_MARKERS	1
FREQUENCY	100
NO_OF_ANALOG	0
ANALOG_FREQUENCY	0
DESCRIPTION	--
TIME_STAMP	2024-09-18, 18:00:19.043	519577.68071770
DATA_INCLUDED	3D
MARKER_NAMES	m
TRAJECTORY_TYPES	Measured
1	0.00000	-440.218	73.776	285.747
2	0.01000	-440.219	73.796	285.738
3	0.02000	-440.218	73.855	285.730
4	0.03000	-440.217	73.913	285.721
5	0.04000	-440.215	73.991	285.741
6	0.05000	-440.189	74.057	285.773
7	0.06000	-440.159	74.100	285.807
8	0.07000	-440.209	74.142	285.829
9	0.08000	-440.236	74.134	285.843
10	0.09000	-440.289	74.139	285.834
11	0.10000	-440.316	74.112	285.866
12	0.11000	-440.396	74.109	285.872
13	0.12000	-440.446	74.131	285.911
14	0.13000	-440.471	74.161	285.945
15	0.14000	-440.549	74.195	285.998
16	0.15000	-440.626	74.229	286.033
17	0.16000	-440.673	74.307	286.111
18	0.17000	-440.752	74.303	286.154
19	0.18000	-440.883	74.302	286.235
20	0.19000	-440.988	74.268	286.339
21	0.20000	-441.093	74.215	286.461
22	0.21000	-441.209	74.093	286.447
23	0.22000	-441.291	73.972	286.496
24	0.23000	-441.349	73.860	286.540
25	0.24000	-441.460	73.714	286.593
26	0.25000	-441.575	73.568	286.690
27	0.26000	-441.658	73.468	286.749
28	0.27000	-441.762	73.475	286.798
29	0.28000	-441.813	73.517	286.828
30	0.29000	-441.891	73.571	286.862
31	0.30000	-441.916	73.660	286.897
32	0.31000	-441.963	73.758	286.957
33	0.32000	-442.038	73.830	287.012
34	0.33000	-442.088	73.871	287.061
35	0.34000	-442.166	73.866	287.113
36	0.35000	-442.273	73.816	287.142
37	0.36000	-442.379	73.746	287.180
38	0.37000	-442.413	73.682	287.245
39	0.38000	-442.546	73.683	287.288
40	0.39000	-442.598	73.685	287.354
41	0.40000	-442.672	73.697	287.419
42	0.41000	-442.673	73.716	287.456
43	0.42000	-442.703	73.710	287.477
44	0.43000	-442.702	73.688	287.524
45	0.44000	-442.728	73.660	287.547
46	0.45000	-442.782	73.646	287.557
47	0.46000	-442.783	73.646	287.566
48	0.47000	-442.782	73.665	287.566
49	0.48000	-442.860	73.682	287.545
50	0.49000	-442.832	73.708	287.550
51	0.50000	-442.807	73.756	287.563
52	0.51000	-442.754	73.789	287.581
53	0.52000	-442.777	73.839	287.589
54	0.53000	-442.669	73.906	287.598
55	0.54000	-442.693	73.977	287.577
56	0.55000	-442.663	74.042	287.537
57	0.56000	-442.636	74.089	287.533
58	0.57000	-442.584	74.125	287.504
59	0.58000	-442.556	74.152	287.491
60	0.59000	-442.555	74.171	287.491
61	0.60000	-442.552	74.208	287.521
62	0.61000	-442.526	74.175	287.534
63	0.62000	-442.530	74.140	287.495
64	0.63000	-442.586	74.128	287.457
65	0.64000	-442.503	74.148	287.453
66	0.65000	-442.529	74.160	287.449
67	0.66000	-442.502	74.187	287.444
68	0.67000	-442.449	74.202	287.435
69	0.68000	-442.447	74.222	287.389
70	0.69000	-442.395	74.239	287.351
71	0.70000	-442.397	74.263	287.276
72	0.71000	-442.316	74.285	287.244
73	0.72000	-442.286	74.312	287.167
74	0.73000	-442.206	74.338	287.069
75	0.74000	-442.125	74.401	286.990
76	0.75000	-441.910	74.520	286.907
77	0.76000	-441.730	74.423	286.729
78	0.77000	-441.479	74.029	286.252
79	0.78000	-440.919	73.615	285.609
80	0.79000	-440.043	73.150	284.498
81	0.80000	-438.765	72.603	283.131
82	0.81000	-436.876	71.957	281.662
83	0.82000	-434.460	71.133	279.885
84	0.83000	-431.335	70.236	278.045
85	0.84000	-427.730	69.205	275.844
86	0.85000	-423.502	68.175	273.655
87	0.86000	-418.687	67.067	271.353
88	0.87000	-413.455	65.966	268.701
89	0.88000	-407.802	64.883	265.843
90	0.89000	-401.718	63.855	262.698
91	0.90000	-395.116	62.852	259.302
92	0.91000	-388.227	61.951	255.539
93	0.92000	-380.946	61.098	251.344
94	0.93000	-373.370	60.346	246.936
95	0.94000	-365.297	59.683	242.207
96	0.95000	-356.667	59.172	237.534
97	0.96000	-347.491	58.908	232.903
98	0.97000	-337.799	58.814	228.147
99	0.98000	-327.627	58.903	223.532
100	0.99000	-316.895	59.089	218.810
101	1.00000	-305.694	59.488	214.245
102	1.01000	-294.034	60.039	209.847
103	1.02000	-281.913	60.688	205.352
104	1.03000	-269.497	61.415	200.879
105	1.04000	-256.780	62.175	196.280
106	1.05000	-243.710	62.949	191.727
107	1.06000	-230.350	63.748	187.132
108	1.07000	-216.515	64.516	182.760
109	1.08000	-202.463	65.212	178.547
110	1.09000	-188.035	65.851	174.644
111	1.10000	-173.190	66.361	171.198
112	1.11000	-158.050	66.672	168.028
113	1.12000	-142.668	66.843	165.296
114	1.13000	-126.906	66.746	163.020
115	1.14000	-111.036	66.467	160.994
116	1.15000	-95.030	66.000	159.250
117	1.16000	-78.798	65.327	157.801
118	1.17000	-62.499	64.533	156.533
119	1.18000	-46.131	63.583	155.555
120	1.19000	-29.627	62.491	154.942
121	1.20000	-13.089	61.326	154.814
122	1.21000	3.581	60.146	155.150
123	1.22000	20.174	58.931	155.973
124	1.23000	36.836	57.752	157.383
125	1.24000	53.453	56.662	159.236
126	1.25000	69.898	55.632	161.519
127	1.26000	86.244	54.895	164.097
128	1.27000	102.349	54.152	166.875
129	1.28000	118.292	53.620	169.840
130	1.29000	134.129	53.153	172.876
131	1.30000	149.768	52.928	176.005
132	1.31000	165.017	52.819	179.164
133	1.32000	180.197	52.921	182.598
134	1.33000	194.925	53.234	186.268
135	1.34000	209.508	53.614	190.290
136	1.35000	223.583	54.195	194.499
137	1.36000	237.349	54.876	198.919
138	1.37000	250.767	55.647	203.632
139	1.38000	263.834	56.449	208.488
140	1.39000	276.421	57.353	213.447
141	1.40000	288.747	58.200	218.447
142	1.41000	300.570	59.091	223.358
143	1.42000	311.997	59.862	228.183
144	1.43000	323.049	60.641	233.015
145	1.44000	333.623	61.345	237.836
146	1.45000	343.795	61.902	242.587
147	1.46000	353.471	62.378	247.444
148	1.47000	362.593	62.655	252.234
149	1.48000	371.252	62.792	257.102
150	1.49000	379.384	62.778	261.954
151	1.50000	387.058	62.611	266.769
152	1.51000	394.169	62.268	271.513
153	1.52000	400.751	61.835	276.072
154	1.53000	406.898	61.311	280.441
155	1.54000	412.587	60.668	284.642
156	1.55000	417.806	60.021	288.451
157	1.56000	422.581	59.293	291.954
158	1.57000	426.950	58.585	295.174
159	1.58000	430.882	57.883	297.998
160	1.59000	434.324	57.190	300.531
161	1.60000	437.312	56.525	302.820
162	1.61000	439.832	55.923	304.822
163	1.62000	441.888	55.369	306.529
164	1.63000	443.450	54.912	307.946
165	1.64000	444.544	54.553	309.119
166	1.65000	445.181	54.265	309.960
167	1.66000	445.338	54.114	310.496
168	1.67000	445.057	54.069	310.665
169	1.68000	444.347	54.143	310.437
170	1.69000	443.228	54.304	309.806
171	1.70000	441.716	54.573	308.713
172	1.71000	439.806	54.943	307.130
173	1.72000	437.526	55.406	305.123
174	1.73000	434.800	55.963	302.713
175	1.74000	431.678	56.593	299.915
176	1.75000	428.101	57.317	296.814
177	1.76000	424.051	58.110	293.411
178	1.77000	419.469	59.028	289.765
179	1.78000	414.390	59.978	285.944
180	1.79000	408.832	60.930	281.988
181	1.80000	402.763	61.905	277.893
182	1.81000	396.171	62.855	273.664
183	1.82000	389.049	63.795	269.285
184	1.83000	381.447	64.679	264.806
185	1.84000	373.387	65.477	260.120
186	1.85000	364.902	66.159	255.201
187	1.86000	355.960	66.767	250.146
188	1.87000	346.576	67.284	244.854
189	1.88000	336.745	67.655	239.503
190	1.89000	326.408	67.897	234.030
191	1.90000	315.646	67.975	228.591
192	1.91000	304.415	67.875	223.256
193	1.92000	292.715	67.649	218.037
194	1.93000	280.501	67.273	213.042
195	1.94000	267.949	66.753	208.273
196	1.95000	254.922	66.154	203.672
197	1.96000	241.470	65.458	199.279
198	1.97000	227.712	64.747	194.988
199	1.98000	213.581	63.986	190.829
200	1.99000	199.125	63.224	186.638
201	2.00000	184.466	62.495	182.614
202	2.01000	169.437	61.761	178.758
203	2.02000	154.158	61.129	175.030
204	2.03000	138.554	60.583	171.547
205	2.04000	122.842	60.151	168.509
206	2.05000	106.831	59.859	165.865
207	2.06000	90.672	59.755	163.630
208	2.07000	74.349	59.833	161.743
209	2.08000	57.932	59.983	160.231
210	2.09000	41.467	60.292	159.030
211	2.10000	24.868	60.733	158.131
212	2.11000	8.228	61.267	157.303
213	2.12000	-8.435	61.876	156.721
214	2.13000	-25.078	62.502	156.447
215	2.14000	-41.736	63.229	156.327
216	2.15000	-58.274	63.975	156.695
217	2.16000	-74.755	64.657	157.496
218	2.17000	-91.007	65.325	158.803
219	2.18000	-107.053	65.933	160.558
220	2.19000	-122.958	66.412	162.792
221	2.20000	-138.627	66.708	165.311
222	2.21000	-153.985	66.857	168.220
223	2.22000	-169.151	66.883	171.329
224	2.23000	-183.993	66.741	174.624
225	2.24000	-198.638	66.470	178.023
226	2.25000	-212.967	66.084	181.653
227	2.26000	-226.955	65.503	185.370
228	2.27000	-240.531	64.866	189.300
229	2.28000	-253.700	64.064	193.440
230	2.29000	-266.516	63.212	197.842
231	2.30000	-278.914	62.302	202.380
232	2.31000	-290.686	61.371	207.189
233	2.32000	-302.025	60.430	212.161
234	2.33000	-312.895	59.570	217.089
235	2.34000	-323.329	58.774	222.091
236	2.35000	-333.305	58.023	226.987
237	2.36000	-342.898	57.349	231.637
238	2.37000	-352.047	56.750	236.261
239	2.38000	-360.814	56.255	240.655
240	2.39000	-369.198	55.871	244.714
241	2.40000	-377.122	55.628	248.786
242	2.41000	-384.512	55.526	252.605
243	2.42000	-391.504	55.513	256.279
244	2.43000	-397.834	55.642	259.817
245	2.44000	-403.766	55.911	263.169
246	2.45000	-409.156	56.254	266.314
247	2.46000	-413.995	56.727	269.232
248	2.47000	-418.380	57.285	271.902
249	2.48000	-422.271	57.892	274.311
250	2.49000	-425.744	58.508	276.342
251	2.50000	-428.780	59.259	278.114
252	2.51000	-431.465	59.997	279.547
253	2.52000	-433.576	60.698	280.543
254	2.53000	-435.271	61.431	281.276
255	2.54000	-436.562	62.125	281.674
256	2.55000	-437.298	62.751	281.837
257	2.56000	-437.572	63.329	281.657
258	2.57000	-437.223	63.808	281.212
259	2.58000	-436.446	64.212	280.591
260	2.59000	-435.073	64.487	279.721
261	2.60000	-433.153	64.655	278.579
262	2.61000	-430.650	64.679	277.241
263	2.62000	-427.795	64.643	275.629
264	2.63000	-424.436	64.478	273.733
265	2.64000	-420.537	64.169	271.463
266	2.65000	-416.210	63.781	269.006
267	2.66000	-411.485	63.385	266.279
268	2.67000	-406.332	62.874	263.262
269	2.68000	-400.600	62.289	259.898
270	2.69000	-394.466	61.688	256.347
271	2.70000	-387.966	61.065	252.548
272	2.71000	-380.906	60.458	248.771
273	2.72000	-373.273	59.820	244.801
274	2.73000	-365.141	59.260	240.710
275	2.74000	-356.464	58.746	236.630
276	2.75000	-347.312	58.304	232.503
277	2.76000	-337.647	57.973	228.327
278	2.77000	-327.519	57.733	224.065
279	2.78000	-317.056	57.580	219.750
280	2.79000	-306.151	57.536	215.302
281	2.80000	-294.898	57.586	210.795
282	2.81000	-283.191	57.799	206.181
283	2.82000	-271.175	58.069	201.557
284	2.83000	-258.789	58.474	196.896
285	2.84000	-245.992	58.980	192.295
286	2.85000	-232.760	59.600	187.884
287	2.86000	-219.117	60.296	183.792
288	2.87000	-205.112	61.048	179.908
289	2.88000	-190.719	61.850	176.248
290	2.89000	-175.974	62.637	172.975
291	2.90000	-160.997	63.440	170.021
292	2.91000	-145.768	64.177	167.220
293	2.92000	-130.321	64.845	164.605
294	2.93000	-114.574	65.439	162.275
295	2.94000	-98.784	65.933	160.115
296	2.95000	-82.736	66.251	158.302
297	2.96000	-66.582	66.513	156.787
298	2.97000	-50.374	66.520	155.604
299	2.98000	-33.976	66.380	154.952
300	2.99000	-17.619	66.118	154.694
301	3.00000	-1.126	65.693	155.003
302	3.01000	15.413	65.180	155.656
303	3.02000	31.953	64.535	156.779
304	3.03000	48.256	63.825	158.279
305	3.04000	64.591	63.135	160.045
306	3.05000	80.760	62.378	162.015
307	3.06000	96.849	61.646	164.308
308	3.07000	112.721	60.947	166.759
309	3.08000	128.363	60.281	169.551
310	3.09000	143.866	59.746	172.620
311	3.10000	159.164	59.286	176.088
312	3.11000	174.143	58.951	179.860
313	3.12000	188.838	58.759	183.907
314	3.13000	203.248	58.673	188.214
315	3.14000	217.299	58.758	192.687
316	3.15000	231.036	58.916	197.368
317	3.16000	244.393	59.207	202.034
318	3.17000	257.437	59.551	206.703
319	3.18000	270.155	59.993	211.410
320	3.19000	282.432	60.505	216.053
321	3.20000	294.378	61.115	220.770
322	3.21000	305.821	61.705	225.496
323	3.22000	316.871	62.361	230.314
324	3.23000	327.475	63.013	235.224
325	3.24000	337.591	63.664	240.193
326	3.25000	347.227	64.243	245.206
327	3.26000	356.371	64.808	250.199
328	3.27000	364.976	65.314	255.141
329	3.28000	373.183	65.704	259.965
330	3.29000	380.918	65.996	264.667
331	3.30000	388.214	66.171	269.065
332	3.31000	395.040	66.307	273.264
333	3.32000	401.443	66.342	277.198
334	3.33000	407.426	66.215	280.908
335	3.34000	412.934	66.037	284.321
336	3.35000	417.945	65.772	287.547
337	3.36000	422.454	65.421	290.588
338	3.37000	426.497	64.964	293.398
339	3.38000	430.039	64.467	296.016
340	3.39000	433.091	63.913	298.404
341	3.40000	435.611	63.346	300.540
342	3.41000	437.662	62.750	302.407
343	3.42000	439.228	62.179	303.991
344	3.43000	440.342	61.605	305.265
345	3.44000	441.052	61.091	306.076
346	3.45000	441.346	60.558	306.516
347	3.46000	441.258	60.074	306.550
348	3.47000	440.725	59.642	306.188
349	3.48000	439.777	59.284	305.431
350	3.49000	438.418	58.976	304.308
351	3.50000	436.602	58.738	302.844
352	3.51000	434.327	58.604	301.093
353	3.52000	431.572	58.542	299.052
354	3.53000	428.372	58.577	296.784
355	3.54000	424.678	58.734	294.201
356	3.55000	420.539	58.994	291.366
357	3.56000	415.920	59.310	288.313
358	3.57000	410.850	59.713	284.945
359	3.58000	405.361	60.158	281.335
360	3.59000	399.413	60.694	277.432
361	3.60000	393.050	61.256	273.249
362	3.61000	386.272	61.858	268.757
363	3.62000	379.042	62.528	264.018
364	3.63000	371.320	63.177	259.073
365	3.64000	363.131	63.833	254.018
366	3.65000	354.497	64.444	248.876
367	3.66000	345.316	65.040	243.684
368	3.67000	335.663	65.567	238.560
369	3.68000	325.526	66.046	233.472
370	3.69000	314.954	66.351	228.494
371	3.70000	303.866	66.586	223.485
372	3.71000	292.441	66.714	218.593
373	3.72000	280.519	66.698	213.680
374	3.73000	268.201	66.587	208.819
375	3.74000	255.565	66.316	204.014
376	3.75000	242.498	66.007	199.150
377	3.76000	229.078	65.545	194.472
378	3.77000	215.302	65.019	189.978
379	3.78000	201.179	64.383	185.670
380	3.79000	186.725	63.723	181.691
381	3.80000	171.981	63.031	177.983
382	3.81000	156.972	62.354	174.715
383	3.82000	141.653	61.738	171.711
384	3.83000	126.162	61.105	169.077
385	3.84000	110.426	60.532	166.659
386	3.85000	94.545	60.050	164.493
387	3.86000	78.522	59.646	162.525
388	3.87000	62.337	59.372	160.753
389	3.88000	46.126	59.135	159.261
390	3.89000	29.790	59.085	157.971
391	3.90000	13.442	59.117	157.087
392	3.91000	-2.974	59.323	156.457
393	3.92000	-19.345	59.606	156.325
394	3.93000	-35.673	60.004	156.513
395	3.94000	-51.900	60.524	157.140
396	3.95000	-68.113	61.085	158.065
397	3.96000	-84.076	61.682	159.338
398	3.97000	-99.927	62.281	160.915
399	3.98000	-115.608	62.934	162.698
400	3.99000	-131.133	63.538	164.701
401	4.00000	-146.499	64.090	166.981
402	4.01000	-161.452	64.562	169.543
403	4.02000	-176.334	64.942	172.439
404	4.03000	-190.850	65.212	175.535
405	4.04000	-204.997	65.369	178.927
406	4.05000	-218.763	65.423	182.732
407	4.06000	-232.049	65.310	186.690
408	4.07000	-245.186	65.044	190.873
409	4.08000	-257.637	64.729	195.246
410	4.09000	-269.961	64.270	199.600
411	4.10000	-281.777	63.759	204.014
412	4.11000	-293.170	63.170	208.542
413	4.12000	-304.295	62.571	212.974
414	4.13000	-314.880	61.948	217.364
415	4.14000	-325.039	61.282	221.822
416	4.15000	-334.698	60.643	226.219
417	4.16000	-344.002	60.029	230.553
418	4.17000	-352.754	59.481	234.935
419	4.18000	-360.920	58.955	239.259
420	4.19000	-368.642	58.540	243.497
421	4.20000	-375.913	58.205	247.612
422	4.21000	-382.735	57.899	251.438
423	4.22000	-388.940	57.756	255.171
424	4.23000	-394.792	57.676	258.614
425	4.24000	-400.267	57.668	261.772
426	4.25000	-405.294	57.726	264.652
427	4.26000	-409.899	57.880	267.226
428	4.27000	-414.041	58.133	269.418
429	4.28000	-417.768	58.452	271.399
430	4.29000	-421.055	58.844	273.107
431	4.30000	-423.758	59.286	274.492
432	4.31000	-426.009	59.792	275.759
433	4.32000	-427.727	60.356	276.744
434	4.33000	-428.915	60.903	277.269
435	4.34000	-429.690	61.477	277.742
436	4.35000	-429.937	62.033	277.860
437	4.36000	-429.635	62.617	277.756
438	4.37000	-428.867	63.137	277.227
439	4.38000	-427.689	63.612	276.514
440	4.39000	-426.079	64.034	275.372
441	4.40000	-423.987	64.396	274.040
442	4.41000	-421.456	64.703	272.287
443	4.42000	-418.471	64.943	270.278
444	4.43000	-415.041	65.061	267.903
445	4.44000	-411.163	65.108	265.388
446	4.45000	-406.759	65.070	262.604
447	4.46000	-401.793	64.904	259.705
448	4.47000	-396.322	64.635	256.536
449	4.48000	-390.318	64.303	253.313
450	4.49000	-383.818	63.889	249.868
451	4.50000	-376.845	63.433	246.350
452	4.51000	-369.381	62.945	242.703
453	4.52000	-361.468	62.383	238.977
454	4.53000	-353.112	61.867	234.995
455	4.54000	-344.285	61.297	230.888
456	4.55000	-335.056	60.760	226.683
457	4.56000	-325.461	60.271	222.368
458	4.57000	-315.337	59.820	217.964
459	4.58000	-304.810	59.382	213.543
460	4.59000	-293.855	59.092	209.158
461	4.60000	-282.524	58.892	204.822
462	4.61000	-270.573	58.761	200.627
463	4.62000	-258.275	58.718	196.467
464	4.63000	-245.704	58.812	192.391
465	4.64000	-232.504	58.980	188.569
466	4.65000	-219.138	59.285	184.739
467	4.66000	-205.358	59.649	181.069
468	4.67000	-191.380	60.083	177.489
469	4.68000	-177.060	60.612	174.028
470	4.69000	-162.471	61.193	170.788
471	4.70000	-147.639	61.778	167.665
472	4.71000	-132.549	62.400	164.866
473	4.72000	-117.158	63.019	162.419
474	4.73000	-101.697	63.614	160.306
475	4.74000	-85.918	64.129	158.570
476	4.75000	-69.965	64.652	157.261
477	4.76000	-53.808	65.027	156.385
478	4.77000	-37.789	65.318	155.747
479	4.78000	-21.605	65.498	155.426
480	4.79000	-5.319	65.561	155.502
481	4.80000	10.805	65.506	155.753
482	4.81000	27.060	65.333	156.366
483	4.82000	43.126	65.075	157.298
484	4.83000	59.285	64.649	158.589
485	4.84000	75.235	64.233	160.218
486	4.85000	91.045	63.669	162.339
487	4.86000	106.797	63.113	164.837
488	4.87000	122.368	62.522	167.720
489	4.88000	137.590	61.924	170.946
490	4.89000	152.693	61.361	174.451
491	4.90000	167.460	60.833	178.166
492	4.91000	182.091	60.358	182.061
493	4.92000	196.333	59.969	186.051
494	4.93000	210.287	59.637	190.234
495	4.94000	223.931	59.394	194.416
496	4.95000	237.252	59.258	198.764
497	4.96000	250.197	59.207	203.327
498	4.97000	262.796	59.282	208.028
499	4.98000	274.957	59.417	212.809
500	4.99000	286.758	59.671	217.703
501	5.00000	298.115	60.003	222.662
502	5.01000	309.020	60.399	227.660
503	5.02000	319.550	60.850	232.635
504	5.03000	329.652	61.373	237.525
505	5.04000	339.314	61.877	242.295
506	5.05000	348.542	62.439	246.975
507	5.06000	357.348	62.995	251.468
508	5.07000	365.725	63.508	255.901
509	5.08000	373.652	64.012	260.183
510	5.09000	381.026	64.502	264.328
511	5.10000	387.984	64.908	268.380
512	5.11000	394.466	65.253	272.292
513	5.12000	400.431	65.494	276.094
514	5.13000	405.906	65.719	279.744
515	5.14000	410.923	65.822	283.102
516	5.15000	415.438	65.861	286.291
517	5.16000	419.492	65.808	289.181
518	5.17000	423.112	65.674	291.813
519	5.18000	426.285	65.474	294.106
520	5.19000	429.057	65.213	296.006
521	5.20000	431.389	64.857	297.667
522	5.21000	433.221	64.511	298.942
523	5.22000	434.654	64.069	299.923
524	5.23000	435.577	63.620	300.571
525	5.24000	436.067	63.143	300.953
526	5.25000	436.117	62.635	301.065
527	5.26000	435.637	62.184	300.866
528	5.27000	434.680	61.734	300.365
529	5.28000	433.306	61.289	299.624
530	5.29000	431.455	60.878	298.567
531	5.30000	429.159	60.530	297.205
532	5.31000	426.413	60.235	295.506
533	5.32000	423.226	59.995	293.464
534	5.33000	419.677	59.783	291.107
535	5.34000	415.678	59.637	288.411
536	5.35000	411.221	59.598	285.326
537	5.36000	406.376	59.567	281.992
538	5.37000	401.065	59.652	278.379
539	5.38000	395.310	59.776	274.520
540	5.39000	389.119	60.003	270.446
541	5.40000	382.451	60.300	266.200
542	5.41000	375.290	60.652	261.815
543	5.42000	367.617	61.115	257.263
544	5.43000	359.551	61.567	252.631
545	5.44000	351.023	62.075	247.920
546	5.45000	342.002	62.594	243.095
547	5.46000	332.553	63.147	238.196
548	5.47000	322.709	63.679	233.175
549	5.48000	312.402	64.165	228.109
550	5.49000	301.693	64.641	222.990
551	5.50000	290.571	65.070	217.890
552	5.51000	278.975	65.388	212.814
553	5.52000	266.958	65.670	207.835
554	5.53000	254.590	65.833	202.976
555	5.54000	241.756	65.914	198.322
556	5.55000	228.606	65.857	193.924
557	5.56000	215.077	65.740	189.671
558	5.57000	201.152	65.461	185.686
559	5.58000	187.116	65.117	181.893
560	5.59000	172.555	64.696	178.282
561	5.60000	157.808	64.200	174.892
562	5.61000	142.761	63.639	171.703
563	5.62000	127.614	63.042	168.796
564	5.63000	112.215	62.503	166.072
565	5.64000	96.598	61.857	163.716
566	5.65000	80.809	61.322	161.691
567	5.66000	64.951	60.784	160.016
568	5.67000	48.907	60.351	158.653
569	5.68000	32.898	60.006	157.749
570	5.69000	16.861	59.657	157.193
571	5.70000	0.705	59.477	156.911
572	5.71000	-15.359	59.379	156.926
573	5.72000	-31.547	59.421	157.093
574	5.73000	-47.477	59.508	157.545
575	5.74000	-63.380	59.685	158.277
576	5.75000	-79.291	59.982	159.235
577	5.76000	-94.937	60.313	160.508
578	5.77000	-110.485	60.784	162.107
579	5.78000	-125.871	61.222	163.989
580	5.79000	-140.932	61.745	166.232
581	5.80000	-155.800	62.269	168.812
582	5.81000	-170.342	62.754	171.667
583	5.82000	-184.578	63.212	174.888
584	5.83000	-198.503	63.680	178.157
585	5.84000	-212.202	64.038	181.596
586	5.85000	-225.472	64.372	185.274
587	5.86000	-238.485	64.538	189.047
588	5.87000	-251.163	64.652	192.893
589	5.88000	-263.401	64.683	196.866
590	5.89000	-275.258	64.634	200.939
591	5.90000	-286.550	64.467	205.211
592	5.91000	-297.594	64.188	209.475
593	5.92000	-308.086	63.908	213.846
594	5.93000	-318.091	63.483	218.241
595	5.94000	-327.688	63.030	222.658
596	5.95000	-336.736	62.566	227.100
597	5.96000	-345.486	62.029	231.317
598	5.97000	-353.700	61.536	235.486
599	5.98000	-361.524	61.010	239.517
600	5.99000	-368.864	60.544	243.426
601	6.00000	-375.765	60.072	247.043
602	6.01000	-382.246	59.660	250.534
603	6.02000	-388.228	59.277	253.807
604	6.03000	-393.672	58.961	256.977
605	6.04000	-398.723	58.713	259.823
606	6.05000	-403.309	58.516	262.516
607	6.06000	-407.268	58.439	264.915
608	6.07000	-410.901	58.438	267.281
609	6.08000	-413.965	58.474	269.204
610	6.09000	-416.558	58.591	270.857
611	6.10000	-418.765	58.807	272.179
612	6.11000	-420.452	59.065	273.259
613	6.12000	-421.791	59.347	273.945
614	6.13000	-422.630	59.702	274.375
615	6.14000	-423.038	60.082	274.416
616	6.15000	-422.953	60.535	274.207
617	6.16000	-422.528	60.962	273.522
618	6.17000	-421.553	61.433	272.673
619	6.18000	-420.046	61.901	271.578
620	6.19000	-418.118	62.392	270.255
621	6.20000	-415.754	62.789	268.620
622	6.21000	-412.849	63.209	266.788
623	6.22000	-409.349	63.571	264.690
624	6.23000	-405.483	63.880	262.447
625	6.24000	-401.116	64.134	259.904
626	6.25000	-396.206	64.308	257.192
627	6.26000	-390.867	64.376	254.151
628	6.27000	-385.093	64.433	250.979
629	6.28000	-378.878	64.372	247.542
630	6.29000	-372.243	64.278	243.930
631	6.30000	-365.133	64.068	240.173
632	6.31000	-357.432	63.789	236.329
633	6.32000	-349.364	63.476	232.304
634	6.33000	-340.895	63.102	228.202
635	6.34000	-331.857	62.678	224.077
636	6.35000	-322.360	62.195	220.020
637	6.36000	-312.419	61.711	215.893
638	6.37000	-301.968	61.245	211.838
639	6.38000	-291.070	60.805	207.783
640	6.39000	-279.787	60.333	203.804
641	6.40000	-268.097	60.012	199.723
642	6.41000	-256.085	59.643	195.755
643	6.42000	-243.756	59.397	191.772
644	6.43000	-230.992	59.181	187.928
645	6.44000	-217.794	59.101	184.141
646	6.45000	-204.435	59.068	180.455
647	6.46000	-190.668	59.146	177.025
648	6.47000	-176.547	59.312	173.766
649	6.48000	-162.173	59.578	170.731
650	6.49000	-147.518	59.901	167.952
651	6.50000	-132.565	60.293	165.487
652	6.51000	-117.360	60.776	163.298
653	6.52000	-102.075	61.274	161.308
654	6.53000	-86.577	61.812	159.566
655	6.54000	-70.927	62.364	158.122
656	6.55000	-55.205	62.915	156.880
657	6.56000	-39.334	63.447	155.963
658	6.57000	-23.445	63.903	155.421
659	6.58000	-7.471	64.328	155.250
660	6.59000	8.468	64.680	155.454
661	6.60000	24.504	64.909	156.067
662	6.61000	40.428	65.049	156.998
663	6.62000	56.299	65.135	158.407
664	6.63000	72.074	65.089	160.097
665	6.64000	87.694	64.897	162.099
666	6.65000	103.209	64.652	164.410
667	6.66000	118.529	64.357	166.977
668	6.67000	133.662	63.997	169.794
669	6.68000	148.628	63.588	172.897
670	6.69000	163.218	63.069	176.213
671	6.70000	177.631	62.588	179.804
672	6.71000	191.806	62.122	183.705
673	6.72000	205.563	61.663	187.804
674	6.73000	219.019	61.229	192.170
675	6.74000	232.149	60.870	196.670
676	6.75000	244.919	60.542	201.350
677	6.76000	257.314	60.309	206.097
678	6.77000	269.334	60.116	210.865
679	6.78000	281.011	60.006	215.669
680	6.79000	292.276	59.967	220.446
681	6.80000	303.159	60.017	225.182
682	6.81000	313.604	60.162	229.863
683	6.82000	323.696	60.316	234.577
684	6.83000	333.271	60.592	239.145
685	6.84000	342.443	60.899	243.766
686	6.85000	351.168	61.257	248.280
687	6.86000	359.395	61.674	252.759
688	6.87000	367.172	62.118	257.082
689	6.88000	374.548	62.551	261.327
690	6.89000	381.449	63.019	265.425
691	6.90000	387.856	63.445	269.295
692	6.91000	393.839	63.899	272.909
693	6.92000	399.370	64.276	276.331
694	6.93000	404.481	64.635	279.466
695	6.94000	409.133	64.964	282.332
696	6.95000	413.351	65.211	284.976
697	6.96000	417.056	65.427	287.336
698	6.97000	420.339	65.555	289.449
699	6.98000	423.134	65.642	291.296
700	6.99000	425.498	65.612	292.905
701	7.00000	427.361	65.509	294.247
702	7.01000	428.779	65.355	295.338
703	7.02000	429.675	65.164	296.105
704	7.03000	430.158	64.883	296.631
705	7.04000	430.162	64.579	296.801
706	7.05000	429.764	64.198	296.655
707	7.06000	428.907	63.798	296.151
708	7.07000	427.605	63.385	295.350
709	7.08000	425.867	62.958	294.172
710	7.09000	423.737	62.496	292.725
711	7.10000	421.139	62.056	290.916
712	7.11000	418.084	61.621	288.886
713	7.12000	414.552	61.252	286.523
714	7.13000	410.616	60.844	283.950
715	7.14000	406.217	60.480	281.137
716	7.15000	401.299	60.253	278.041
717	7.16000	395.973	59.996	274.782
718	7.17000	390.174	59.844	271.299
719	7.18000	383.954	59.731	267.606
720	7.19000	377.314	59.663	263.696
721	7.20000	370.171	59.710	259.576
722	7.21000	362.620	59.823	255.248
723	7.22000	354.711	59.982	250.729
724	7.23000	346.308	60.193	245.999
725	7.24000	337.534	60.478	241.174
726	7.25000	328.266	60.829	236.279
727	7.26000	318.546	61.214	231.292
728	7.27000	308.434	61.618	226.370
729	7.28000	297.874	62.080	221.439
730	7.29000	286.896	62.563	216.549
731	7.30000	275.522	63.020	211.763
732	7.31000	263.650	63.505	207.016
733	7.32000	251.437	63.917	202.397
734	7.33000	238.933	64.286	197.917
735	7.34000	225.977	64.616	193.507
736	7.35000	212.697	64.879	189.236
737	7.36000	199.160	65.006	185.157
738	7.37000	185.278	65.120	181.171
739	7.38000	171.000	65.081	177.387
740	7.39000	156.577	65.017	173.940
741	7.40000	141.897	64.841	170.831
742	7.41000	126.870	64.547	167.947
743	7.42000	111.758	64.230	165.430
744	7.43000	96.464	63.830	163.307
745	7.44000	80.901	63.374	161.396
746	7.45000	65.381	62.914	159.913
747	7.46000	49.696	62.422	158.646
748	7.47000	33.918	61.925	157.613
749	7.48000	18.057	61.490	156.860
750	7.49000	2.174	61.085	156.445
751	7.50000	-13.629	60.723	156.293
752	7.51000	-29.498	60.422	156.490
753	7.52000	-45.290	60.239	156.979
754	7.53000	-60.954	60.095	157.880
755	7.54000	-76.558	60.072	158.983
756	7.55000	-91.936	60.088	160.473
757	7.56000	-107.165	60.199	162.243
758	7.57000	-122.252	60.417	164.276
759	7.58000	-137.121	60.675	166.466
760	7.59000	-151.805	60.988	168.852
761	7.60000	-166.169	61.336	171.458
762	7.61000	-180.345	61.725	174.296
763	7.62000	-194.262	62.146	177.304
764	7.63000	-207.715	62.574	180.509
765	7.64000	-220.893	62.979	183.927
766	7.65000	-233.757	63.337	187.544
767	7.66000	-246.201	63.708	191.418
768	7.67000	-258.244	63.981	195.376
769	7.68000	-270.011	64.191	199.385
770	7.69000	-281.168	64.340	203.540
771	7.70000	-292.007	64.419	207.702
772	7.71000	-302.543	64.421	211.854
773	7.72000	-312.515	64.294	215.967
774	7.73000	-322.066	64.175	220.094
775	7.74000	-331.299	63.947	224.128
776	7.75000	-340.068	63.643	228.058
777	7.76000	-348.276	63.287	231.989
778	7.77000	-356.015	62.879	235.815
779	7.78000	-363.358	62.491	239.674
780	7.79000	-370.179	61.998	243.240
781	7.80000	-376.561	61.534	246.737
782	7.81000	-382.342	61.067	250.074
783	7.82000	-387.770	60.619	253.336
784	7.83000	-392.675	60.178	256.189
785	7.84000	-397.118	59.770	258.916
786	7.85000	-401.062	59.421	261.384
787	7.86000	-404.734	59.103	263.598
788	7.87000	-407.800	58.839	265.519
789	7.88000	-410.530	58.640	267.048
790	7.89000	-412.748	58.481	268.374
791	7.90000	-414.582	58.386	269.329
792	7.91000	-415.877	58.358	270.118
793	7.92000	-416.689	58.390	270.556
794	7.93000	-417.080	58.507	270.739
795	7.94000	-417.003	58.689	270.624
796	7.95000	-416.358	58.925	270.204
797	7.96000	-415.304	59.179	269.536
798	7.97000	-413.796	59.481	268.569
799	7.98000	-411.847	59.857	267.367
800	7.99000	-409.420	60.237	265.796
801	8.00000	-406.480	60.637	263.943
802	8.01000	-403.237	61.072	261.919
803	8.02000	-399.431	61.503	259.544
804	8.03000	-395.237	61.911	256.932
805	8.04000	-390.597	62.304	254.098
806	8.05000	-385.396	62.683	251.076
807	8.06000	-379.729	62.990	247.927
808	8.07000	-373.638	63.267	244.535
809	8.08000	-367.077	63.523	241.033
810	8.09000	-359.963	63.658	237.341
811	8.10000	-352.357	63.750	233.687
812	8.11000	-344.309	63.788	229.910
813	8.12000	-335.844	63.737	226.023
814	8.13000	-326.930	63.583	221.980
815	8.14000	-317.568	63.448	217.951
816	8.15000	-307.781	63.172	213.862
817	8.16000	-297.528	62.877	209.825
818	8.17000	-286.935	62.569	205.669
819	8.18000	-275.873	62.228	201.595
820	8.19000	-264.352	61.853	197.589
821	8.20000	-252.612	61.490	193.651
822	8.21000	-240.271	61.111	189.920
823	8.22000	-227.655	60.811	186.272
824	8.23000	-214.678	60.514	182.774
825	8.24000	-201.274	60.294	179.426
826	8.25000	-187.631	60.087	176.283
827	8.26000	-173.672	59.956	173.331
828	8.27000	-159.478	59.943	170.509
829	8.28000	-145.061	59.952	167.859
830	8.29000	-130.388	60.047	165.382
831	8.30000	-115.489	60.211	163.183
832	8.31000	-100.356	60.453	161.228
833	8.32000	-85.143	60.785	159.501
834	8.33000	-69.714	61.162	158.104
835	8.34000	-54.144	61.592	157.038
836	8.35000	-38.570	62.032	156.328
837	8.36000	-22.892	62.496	155.972
838	8.37000	-7.052	62.975	155.854
839	8.38000	8.583	63.468	156.094
840	8.39000	24.344	63.904	156.646
841	8.40000	39.993	64.293	157.567
842	8.41000	55.629	64.632	158.653
843	8.42000	71.141	64.913	160.092
844	8.43000	86.565	65.093	161.856
845	8.44000	101.828	65.187	163.908
846	8.45000	116.958	65.188	166.364
847	8.46000	131.835	65.113	169.075
848	8.47000	146.565	64.976	172.144
849	8.48000	160.975	64.683	175.433
850	8.49000	175.127	64.341	179.004
851	8.50000	189.079	63.986	182.793
852	8.51000	202.587	63.559	186.781
853	8.52000	215.884	63.121	190.876
854	8.53000	228.808	62.658	195.151
855	8.54000	241.465	62.182	199.560
856	8.55000	253.676	61.736	204.082
857	8.56000	265.524	61.347	208.639
858	8.57000	277.035	60.941	213.296
859	8.58000	288.105	60.622	218.016
860	8.59000	298.731	60.359	222.753
861	8.60000	308.985	60.131	227.554
862	8.61000	318.816	59.988	232.266
863	8.62000	328.251	59.924	236.966
864	8.63000	337.240	59.910	241.605
865	8.64000	345.803	59.951	246.091
866	8.65000	353.924	60.088	250.427
867	8.66000	361.612	60.284	254.613
868	8.67000	368.906	60.474	258.634
869	8.68000	375.740	60.762	262.443
870	8.69000	382.205	61.069	266.105
871	8.70000	388.114	61.442	269.528
872	8.71000	393.630	61.776	272.815
873	8.72000	398.673	62.175	275.852
874	8.73000	403.252	62.554	278.687
875	8.74000	407.360	62.972	281.317
876	8.75000	411.037	63.319	283.694
877	8.76000	414.233	63.699	285.793
878	8.77000	416.982	64.003	287.651
879	8.78000	419.308	64.257	289.224
880	8.79000	421.221	64.464	290.495
881	8.80000	422.619	64.668	291.435
882	8.81000	423.642	64.772	292.036
883	8.82000	424.230	64.837	292.335
884	8.83000	424.323	64.866	292.358
885	8.84000	424.016	64.794	292.100
886	8.85000	423.218	64.692	291.500
887	8.86000	421.960	64.549	290.640
888	8.87000	420.255	64.339	289.521
889	8.88000	418.113	64.084	288.133
890	8.89000	415.521	63.790	286.478
891	8.90000	412.468	63.474	284.569
892	8.91000	408.930	63.142	282.387
893	8.92000	404.967	62.790	279.957
894	8.93000	400.587	62.415	277.260
895	8.94000	395.756	62.065	274.322
896	8.95000	390.487	61.726	271.112
897	8.96000	384.781	61.385	267.653
898	8.97000	378.631	61.104	263.953
899	8.98000	372.033	60.832	260.098
900	8.99000	364.994	60.636	256.082
901	9.00000	357.546	60.487	251.883
902	9.01000	349.609	60.389	247.531
903	9.02000	341.250	60.343	243.115
904	9.03000	332.464	60.364	238.652
905	9.04000	323.199	60.459	234.068
906	9.05000	313.548	60.610	229.469
907	9.06000	303.491	60.826	224.760
908	9.07000	293.060	61.100	220.080
909	9.08000	282.166	61.393	215.336
910	9.09000	270.879	61.755	210.556
911	9.10000	259.263	62.144	205.883
912	9.11000	247.254	62.526	201.249
913	9.12000	234.862	62.971	196.692
914	9.13000	222.122	63.363	192.341
915	9.14000	209.019	63.766	188.112
916	9.15000	195.579	64.140	184.162
917	9.16000	181.915	64.462	180.386
918	9.17000	167.899	64.699	176.868
919	9.18000	153.605	64.891	173.538
920	9.19000	139.049	65.003	170.479
921	9.20000	124.353	65.018	167.718
922	9.21000	109.407	65.000	165.151
923	9.22000	94.336	64.858	162.869
924	9.23000	79.023	64.647	160.886
925	9.24000	63.649	64.374	159.147
926	9.25000	48.196	64.014	157.820
927	9.26000	32.711	63.624	156.812
928	9.27000	17.096	63.198	156.205
929	9.28000	1.449	62.719	155.890
930	9.29000	-14.115	62.295	155.874
931	9.30000	-29.732	61.839	156.249
932	9.31000	-45.231	61.413	156.884
933	9.32000	-60.664	61.073	157.826
934	9.33000	-76.013	60.714	158.965
935	9.34000	-91.178	60.440	160.397
936	9.35000	-106.233	60.233	162.070
937	9.36000	-121.120	60.065	163.969
938	9.37000	-135.758	59.993	166.161
939	9.38000	-150.232	60.000	168.552
940	9.39000	-164.388	60.092	171.208
941	9.40000	-178.295	60.215	174.072
942	9.41000	-191.877	60.392	177.179
943	9.42000	-205.170	60.629	180.409
944	9.43000	-218.133	60.915	183.861
945	9.44000	-230.805	61.258	187.405
946	9.45000	-243.049	61.564	190.988
947	9.46000	-254.978	61.909	194.668
948	9.47000	-266.483	62.248	198.524
949	9.48000	-277.625	62.602	202.367
950	9.49000	-288.423	62.906	206.266
951	9.50000	-298.743	63.160	210.156
952	9.51000	-308.657	63.345	214.122
953	9.52000	-318.065	63.514	218.076
954	9.53000	-327.074	63.575	222.032
955	9.54000	-335.552	63.635	225.980
956	9.55000	-343.671	63.599	229.771
957	9.56000	-351.346	63.500	233.516
958	9.57000	-358.436	63.337	237.200
959	9.58000	-365.177	63.150	240.623
960	9.59000	-371.437	62.879	243.920
961	9.60000	-377.243	62.614	247.093
962	9.61000	-382.667	62.285	249.915
963	9.62000	-387.562	61.931	252.646
964	9.63000	-391.960	61.575	255.187
965	9.64000	-395.897	61.215	257.542
966	9.65000	-399.471	60.863	259.609
967	9.66000	-402.423	60.496	261.448
968	9.67000	-404.948	60.189	263.000
969	9.68000	-407.012	59.899	264.498
970	9.69000	-408.712	59.627	265.550
971	9.70000	-409.823	59.419	266.382
972	9.71000	-410.549	59.219	266.796
973	9.72000	-410.830	59.125	267.115
974	9.73000	-410.575	59.031	266.964
975	9.74000	-409.982	59.001	266.597
976	9.75000	-408.851	59.062	265.883
977	9.76000	-407.383	59.149	264.899
978	9.77000	-405.404	59.294	263.748
979	9.78000	-403.015	59.476	262.113
980	9.79000	-400.090	59.699	260.339
981	9.80000	-396.747	60.005	258.348
982	9.81000	-393.031	60.311	256.045
983	9.82000	-388.735	60.641	253.537
984	9.83000	-383.967	60.998	250.834
985	9.84000	-378.767	61.398	248.049
986	9.85000	-373.091	61.802	244.906
987	9.86000	-367.001	62.159	241.627
988	9.87000	-360.370	62.518	238.225
989	9.88000	-353.368	62.898	234.674
990	9.89000	-345.867	63.179	230.972
991	9.90000	-337.928	63.426	227.131
992	9.91000	-329.639	63.634	223.229
993	9.92000	-320.804	63.819	219.283
994	9.93000	-311.669	63.927	215.221
995	9.94000	-301.920	63.911	211.209
996	9.95000	-291.816	63.873	207.183
997	9.96000	-281.266	63.780	203.254
998	9.97000	-270.198	63.630	199.345
999	9.98000	-258.937	63.372	195.497
1000	9.99000	-247.133	63.141	191.730
1001	10.00000	-235.027	62.812	188.088
1002	10.01000	-222.567	62.480	184.555
1003	10.02000	-209.717	62.124	181.114
1004	10.03000	-196.615	61.749	177.876
1005	10.04000	-183.174	61.410	174.779
1006	10.05000	-169.496	61.090	171.859
1007	10.06000	-155.487	60.812	169.159
1008	10.07000	-141.192	60.574	166.728
1009	10.08000	-126.747	60.374	164.500
1010	10.09000	-111.973	60.279	162.570
1011	10.10000	-97.100	60.184	160.829
1012	10.11000	-82.051	60.195	159.386
1013	10.12000	-66.888	60.282	158.209
1014	10.13000	-51.535	60.430	157.364
1015	10.14000	-36.134	60.613	156.745
1016	10.15000	-20.675	60.889	156.360
1017	10.16000	-5.254	61.219	156.214
1018	10.17000	10.233	61.581	156.441
1019	10.18000	25.761	61.928	156.918
1020	10.19000	41.195	62.341	157.768
1021	10.20000	56.571	62.748	158.872
1022	10.21000	71.836	63.158	160.354
1023	10.22000	87.015	63.527	162.165
1024	10.23000	102.069	63.798	164.298
1025	10.24000	116.944	64.088	166.697
1026	10.25000	131.575	64.301	169.309
1027	10.26000	146.025	64.467	172.218
1028	10.27000	160.310	64.509	175.362
1029	10.28000	174.244	64.536	178.720
1030	10.29000	187.964	64.449	182.258
1031	10.30000	201.287	64.317	186.002
1032	10.31000	214.455	64.113	189.990
1033	10.32000	227.113	63.876	194.055
1034	10.33000	239.557	63.555	198.424
1035	10.34000	251.592	63.246	202.841
1036	10.35000	263.265	62.900	207.376
1037	10.36000	274.530	62.500	211.979
1038	10.37000	285.381	62.143	216.625
1039	10.38000	295.914	61.819	221.275
1040	10.39000	305.994	61.470	225.920
1041	10.40000	315.653	61.175	230.486
1042	10.41000	324.929	60.904	235.025
1043	10.42000	333.748	60.724	239.441
1044	10.43000	342.169	60.537	243.806
1045	10.44000	350.167	60.439	248.062
1046	10.45000	357.676	60.404	252.165
1047	10.46000	364.799	60.385	256.177
1048	10.47000	371.437	60.430	260.001
1049	10.48000	377.676	60.559	263.652
1050	10.49000	383.473	60.711	267.151
1051	10.50000	388.807	60.917	270.380
1052	10.51000	393.687	61.147	273.401
1053	10.52000	398.150	61.438	276.158
1054	10.53000	402.200	61.743	278.635
1055	10.54000	405.796	62.073	280.855
1056	10.55000	409.003	62.376	282.794
1057	10.56000	411.702	62.731	284.441
1058	10.57000	413.978	63.078	285.840
1059	10.58000	415.799	63.429	286.914
1060	10.59000	417.191	63.723	287.758
1061	10.60000	418.146	64.002	288.322
1062	10.61000	418.615	64.264	288.612
1063	10.62000	418.625	64.507	288.592
1064	10.63000	418.230	64.650	288.312
1065	10.64000	417.366	64.810	287.751
1066	10.65000	416.079	64.869	286.887
1067	10.66000	414.356	64.886	285.723
1068	10.67000	412.185	64.879	284.286
1069	10.68000	409.542	64.838	282.530
1070	10.69000	406.520	64.672	280.546
1071	10.70000	402.987	64.527	278.229
1072	10.71000	399.067	64.302	275.678
1073	10.72000	394.692	64.041	272.923
1074	10.73000	389.829	63.752	269.935
1075	10.74000	384.550	63.448	266.730
1076	10.75000	378.823	63.109	263.342
1077	10.76000	372.635	62.763	259.831
1078	10.77000	365.961	62.448	256.116
1079	10.78000	358.909	62.070	252.295
1080	10.79000	351.389	61.776	248.232
1081	10.80000	343.421	61.462	244.133
1082	10.81000	335.042	61.208	239.876
1083	10.82000	326.260	60.983	235.534
1084	10.83000	317.041	60.803	231.031
1085	10.84000	307.414	60.646	226.520
1086	10.85000	297.402	60.593	221.955
1087	10.86000	286.980	60.552	217.376
1088	10.87000	276.168	60.596	212.804
1089	10.88000	264.939	60.681	208.269
1090	10.89000	253.315	60.830	203.820
1091	10.90000	241.342	61.038	199.425
1092	10.91000	229.069	61.275	195.185
1093	10.92000	216.407	61.593	191.054
1094	10.93000	203.396	61.880	187.045
1095	10.94000	190.179	62.235	183.175
1096	10.95000	176.597	62.590	179.462
1097	10.96000	162.740	62.935	175.960
1098	10.97000	148.632	63.265	172.637
1099	10.98000	134.302	63.579	169.597
1100	10.99000	119.764	63.816	166.806
1101	11.00000	105.098	64.038	164.318
1102	11.01000	90.084	64.184	162.107
1103	11.02000	75.122	64.302	160.241
1104	11.03000	59.920	64.288	158.691
1105	11.04000	44.721	64.259	157.495
1106	11.05000	29.363	64.145	156.611
1107	11.06000	14.112	63.959	156.014
1108	11.07000	-1.303	63.705	155.647
1109	11.08000	-16.662	63.413	155.629
1110	11.09000	-31.976	63.101	155.886
1111	11.10000	-47.245	62.727	156.499
1112	11.11000	-62.418	62.393	157.327
1113	11.12000	-77.467	62.033	158.539
1114	11.13000	-92.404	61.695	160.015
1115	11.14000	-107.144	61.377	161.770
1116	11.15000	-121.735	61.078	163.793
1117	11.16000	-136.068	60.817	166.102
1118	11.17000	-150.153	60.645	168.605
1119	11.18000	-164.113	60.471	171.279
1120	11.19000	-177.713	60.365	174.135
1121	11.20000	-191.037	60.321	177.152
1122	11.21000	-204.003	60.340	180.365
1123	11.22000	-216.807	60.406	183.698
1124	11.23000	-229.278	60.550	187.086
1125	11.24000	-241.258	60.687	190.674
1126	11.25000	-252.897	60.933	194.268
1127	11.26000	-264.242	61.184	197.982
1128	11.27000	-275.114	61.448	201.800
1129	11.28000	-285.581	61.747	205.643
1130	11.29000	-295.759	62.036	209.444
1131	11.30000	-305.353	62.360	213.287
1132	11.31000	-314.574	62.604	217.158
1133	11.32000	-323.468	62.891	220.886
1134	11.33000	-331.727	63.093	224.595
1135	11.34000	-339.762	63.282	228.139
1136	11.35000	-347.316	63.431	231.661
1137	11.36000	-354.337	63.522	234.997
1138	11.37000	-360.983	63.556	238.244
1139	11.38000	-367.162	63.568	241.393
1140	11.39000	-372.820	63.499	244.374
1141	11.40000	-378.004	63.395	247.166
1142	11.41000	-382.770	63.223	249.785
1143	11.42000	-387.102	63.039	252.264
1144	11.43000	-390.915	62.789	254.416
1145	11.44000	-394.239	62.543	256.467
1146	11.45000	-397.152	62.243	258.225
1147	11.46000	-399.677	61.922	259.673
1148	11.47000	-401.589	61.595	260.932
1149	11.48000	-403.157	61.268	261.890
1150	11.49000	-404.217	60.963	262.644
1151	11.50000	-404.912	60.618	262.959
1152	11.51000	-405.069	60.356	263.121
1153	11.52000	-404.770	60.087	262.983
1154	11.53000	-404.062	59.865	262.716
1155	11.54000	-402.938	59.657	261.991
1156	11.55000	-401.226	59.489	261.105
1157	11.56000	-399.127	59.381	259.953
1158	11.57000	-396.649	59.334	258.540
1159	11.58000	-393.616	59.286	256.873
1160	11.59000	-390.112	59.332	254.957
1161	11.60000	-386.278	59.403	252.690
1162	11.61000	-381.921	59.535	250.290
1163	11.62000	-377.157	59.689	247.673
1164	11.63000	-371.895	59.917	244.831
1165	11.64000	-366.233	60.143	241.729
1166	11.65000	-360.177	60.425	238.483
1167	11.66000	-353.606	60.721	235.118
1168	11.67000	-346.527	61.031	231.577
1169	11.68000	-339.092	61.367	227.906
1170	11.69000	-331.208	61.693	224.218
1171	11.70000	-322.796	62.012	220.388
1172	11.71000	-314.031	62.323	216.557
1173	11.72000	-304.801	62.624	212.690
1174	11.73000	-295.043	62.840	208.786
1175	11.74000	-285.037	63.050	204.880
1176	11.75000	-274.409	63.210	200.978
1177	11.76000	-263.598	63.291	197.112
1178	11.77000	-252.301	63.379	193.378
1179	11.78000	-240.686	63.382	189.631
1180	11.79000	-228.744	63.330	185.980
1181	11.80000	-216.272	63.217	182.503
1182	11.81000	-203.636	63.029	179.126
1183	11.82000	-190.623	62.823	175.965
1184	11.83000	-177.295	62.595	173.046
1185	11.84000	-163.594	62.359	170.377
1186	11.85000	-149.759	62.071	167.853
1187	11.86000	-135.636	61.771	165.520
1188	11.87000	-121.282	61.534	163.499
1189	11.88000	-106.731	61.283	161.672
1190	11.89000	-92.010	61.061	160.100
1191	11.90000	-77.173	60.931	158.742
1192	11.91000	-62.131	60.771	157.736
1193	11.92000	-47.047	60.716	156.889
1194	11.93000	-31.858	60.693	156.434
1195	11.94000	-16.568	60.739	156.239
1196	11.95000	-1.337	60.852	156.351
1197	11.96000	13.938	60.988	156.723
1198	11.97000	29.257	61.220	157.461
1199	11.98000	44.395	61.484	158.394
1200	11.99000	59.558	61.782	159.661
1201	12.00000	74.569	62.114	161.177
1202	12.01000	89.466	62.432	162.959
1203	12.02000	104.240	62.786	164.977
1204	12.03000	118.859	63.144	167.262
1205	12.04000	133.228	63.454	169.780
1206	12.05000	147.450	63.774	172.634
1207	12.06000	161.456	64.010	175.695
1208	12.07000	175.144	64.231	179.014
1209	12.08000	188.636	64.408	182.526
1210	12.09000	201.787	64.532	186.261
1211	12.10000	214.540	64.565	190.161
1212	12.11000	227.061	64.558	194.195
1213	12.12000	239.218	64.471	198.351
1214	12.13000	250.994	64.342	202.619
1215	12.14000	262.455	64.163	206.889
1216	12.15000	273.525	63.923	211.270
1217	12.16000	284.214	63.664	215.697
1218	12.17000	294.454	63.372	220.124
1219	12.18000	304.321	63.051	224.568
1220	12.19000	313.738	62.737	229.008
1221	12.20000	322.808	62.428	233.425
1222	12.21000	331.375	62.088	237.827
1223	12.22000	339.528	61.779	242.115
1224	12.23000	347.267	61.504	246.249
1225	12.24000	354.574	61.237	250.331
1226	12.25000	361.422	61.039	254.238
1227	12.26000	367.889	60.848	257.928
1228	12.27000	373.931	60.694	261.463
1229	12.28000	379.510	60.582	264.764
1230	12.29000	384.688	60.529	267.851
1231	12.30000	389.401	60.529	270.709
1232	12.31000	393.669	60.561	273.321
1233	12.32000	397.524	60.638	275.691
1234	12.33000	400.924	60.767	277.829
1235	12.34000	403.917	60.927	279.712
1236	12.35000	406.456	61.123	281.311
1237	12.36000	408.568	61.330	282.659
1238	12.37000	410.187	61.613	283.710
1239	12.38000	411.442	61.868	284.460
1240	12.39000	412.264	62.115	284.967
1241	12.40000	412.641	62.376	285.141
1242	12.41000	412.552	62.685	285.002
1243	12.42000	412.088	62.945	284.567
1244	12.43000	411.174	63.202	283.854
1245	12.44000	409.825	63.430	282.833
1246	12.45000	408.029	63.648	281.546
1247	12.46000	405.791	63.830	280.004
1248	12.47000	403.093	63.975	278.207
1249	12.48000	399.957	64.105	276.140
1250	12.49000	396.391	64.156	273.873
1251	12.50000	392.392	64.173	271.391
1252	12.51000	387.931	64.149	268.652
1253	12.52000	383.054	64.083	265.697
1254	12.53000	377.690	64.004	262.544
1255	12.54000	371.846	63.882	259.193
1256	12.55000	365.665	63.670	255.692
1257	12.56000	359.013	63.483	251.938
1258	12.57000	351.944	63.239	248.133
1259	12.58000	344.401	62.982	244.121
1260	12.59000	336.460	62.701	240.029
1261	12.60000	328.083	62.428	235.831
1262	12.61000	319.271	62.178	231.566
1263	12.62000	310.046	61.916	227.281
1264	12.63000	300.412	61.684	222.957
1265	12.64000	290.368	61.474	218.615
1266	12.65000	279.930	61.276	214.268
1267	12.66000	269.100	61.162	209.924
1268	12.67000	257.879	61.101	205.642
1269	12.68000	246.356	61.047	201.391
1270	12.69000	234.463	61.042	197.249
1271	12.70000	222.184	61.086	193.136
1272	12.71000	209.652	61.167	189.151
1273	12.72000	196.758	61.329	185.251
1274	12.73000	183.584	61.508	181.530
1275	12.74000	170.144	61.751	178.004
1276	12.75000	156.379	61.992	174.700
1277	12.76000	142.435	62.311	171.623
1278	12.77000	128.244	62.591	168.765
1279	12.78000	113.890	62.884	166.189
1280	12.79000	99.337	63.204	163.844
1281	12.80000	84.584	63.446	161.789
1282	12.81000	69.774	63.703	159.959
1283	12.82000	54.838	63.921	158.438
1284	12.83000	39.785	64.089	157.228
1285	12.84000	24.679	64.228	156.322
1286	12.85000	9.555	64.278	155.720
1287	12.86000	-5.552	64.244	155.373
1288	12.87000	-20.710	64.216	155.435
1289	12.88000	-35.815	64.052	155.730
1290	12.89000	-50.831	63.844	156.376
1291	12.90000	-65.664	63.659	157.365
1292	12.91000	-80.539	63.357	158.604
1293	12.92000	-95.165	63.043	160.139
1294	12.93000	-109.620	62.734	161.870
1295	12.94000	-123.969	62.401	163.895
1296	12.95000	-138.121	62.052	166.083
1297	12.96000	-151.951	61.736	168.553
1298	12.97000	-165.576	61.397	171.269
1299	12.98000	-178.947	61.128	174.132
1300	12.99000	-192.026	60.857	177.116
1301	13.00000	-204.751	60.656	180.299
1302	13.01000	-217.203	60.463	183.694
1303	13.02000	-229.305	60.336	187.182
1304	13.03000	-241.051	60.280	190.794
1305	13.04000	-252.446	60.252	194.394
1306	13.05000	-263.401	60.290	198.065
1307	13.06000	-274.063	60.379	201.807
1308	13.07000	-284.337	60.459	205.480
1309	13.08000	-294.109	60.608	209.234
1310	13.09000	-303.627	60.771	212.932
1311	13.10000	-312.689	61.026	216.534
1312	13.11000	-321.304	61.239	220.157
1313	13.12000	-329.421	61.440	223.625
1314	13.13000	-337.177	61.692	227.116
1315	13.14000	-344.483	61.922	230.462
1316	13.15000	-351.315	62.140	233.717
1317	13.16000	-357.689	62.341	236.820
1318	13.17000	-363.602	62.524	239.847
1319	13.18000	-369.088	62.654	242.626
1320	13.19000	-374.170	62.780	245.304
1321	13.20000	-378.743	62.838	247.751
1322	13.21000	-382.828	62.862	249.896
1323	13.22000	-386.550	62.850	251.894
1324	13.23000	-389.799	62.830	253.711
1325	13.24000	-392.518	62.723	255.216
1326	13.25000	-394.872	62.604	256.530
1327	13.26000	-396.680	62.447	257.591
1328	13.27000	-398.142	62.273	258.418
1329	13.28000	-399.072	62.068	259.073
1330	13.29000	-399.528	61.825	259.358
1331	13.30000	-399.449	61.590	259.471
1332	13.31000	-398.979	61.359	259.308
1333	13.32000	-398.116	61.106	258.861
1334	13.33000	-396.728	60.848	258.238
1335	13.34000	-394.889	60.620	257.245
1336	13.35000	-392.724	60.419	256.055
1337	13.36000	-390.011	60.202	254.552
1338	13.37000	-386.921	60.045	252.831
1339	13.38000	-383.362	59.924	250.880
1340	13.39000	-379.319	59.845	248.718
1341	13.40000	-374.878	59.815	246.325
1342	13.41000	-369.970	59.776	243.668
1343	13.42000	-364.624	59.811	240.917
1344	13.43000	-358.799	59.901	238.002
1345	13.44000	-352.542	59.994	234.858
1346	13.45000	-345.861	60.177	231.603
1347	13.46000	-338.726	60.398	228.207
1348	13.47000	-331.125	60.610	224.685
1349	13.48000	-323.075	60.869	221.096
1350	13.49000	-314.700	61.144	217.342
1351	13.50000	-305.818	61.444	213.588
1352	13.51000	-296.571	61.763	209.769
1353	13.52000	-286.947	62.055	205.900
1354	13.53000	-276.824	62.363	202.119
1355	13.54000	-266.419	62.659	198.235
1356	13.55000	-255.582	62.918	194.433
1357	13.56000	-244.284	63.152	190.845
1358	13.57000	-232.647	63.325	187.251
1359	13.58000	-220.744	63.488	183.740
1360	13.59000	-208.414	63.533	180.368
1361	13.60000	-195.756	63.611	177.273
1362	13.61000	-182.856	63.583	174.288
1363	13.62000	-169.597	63.503	171.446
1364	13.63000	-156.141	63.405	168.750
1365	13.64000	-142.374	63.267	166.341
1366	13.65000	-128.392	63.044	164.046
1367	13.66000	-114.127	62.853	162.149
1368	13.67000	-99.824	62.572	160.445
1369	13.68000	-85.313	62.320	158.978
1370	13.69000	-70.604	62.066	157.892
1371	13.70000	-55.781	61.832	157.029
1372	13.71000	-40.892	61.573	156.466
1373	13.72000	-25.877	61.396	156.176
1374	13.73000	-10.944	61.239	156.124
1375	13.74000	4.106	61.107	156.414
1376	13.75000	19.175	60.992	156.976
1377	13.76000	34.164	60.978	157.756
1378	13.77000	49.052	61.001	158.760
1379	13.78000	63.928	61.042	160.139
1380	13.79000	78.721	61.162	161.771
1381	13.80000	93.375	61.299	163.623
1382	13.81000	107.819	61.523	165.706
1383	13.82000	122.205	61.752	168.133
1384	13.83000	136.289	62.005	170.768
1385	13.84000	150.202	62.282	173.647
1386	13.85000	163.853	62.533	176.674
1387	13.86000	177.263	62.790	179.950
1388	13.87000	190.462	63.076	183.341
1389	13.88000	203.321	63.311	186.949
1390	13.89000	215.861	63.499	190.673
1391	13.90000	228.132	63.678	194.595
1392	13.91000	239.991	63.822	198.591
1393	13.92000	251.504	63.908	202.696
1394	13.93000	262.673	63.977	206.858
1395	13.94000	273.481	63.969	211.141
1396	13.95000	283.883	63.944	215.443
1397	13.96000	293.913	63.836	219.774
1398	13.97000	303.477	63.726	224.077
1399	13.98000	312.682	63.543	228.369
1400	13.99000	321.508	63.357	232.650
1401	14.00000	329.866	63.130	236.801
1402	14.01000	337.793	62.883	240.888
1403	14.02000	345.331	62.632	244.844
1404	14.03000	352.392	62.404	248.697
1405	14.04000	359.067	62.137	252.435
1406	14.05000	365.252	61.928	255.968
1407	14.06000	371.062	61.675	259.359
1408	14.07000	376.422	61.483	262.546
1409	14.08000	381.361	61.300	265.552
1410	14.09000	385.821	61.134	268.358
1411	14.10000	389.893	61.005	270.906
1412	14.11000	393.517	60.912	273.234
1413	14.12000	396.683	60.898	275.261
1414	14.13000	399.468	60.879	277.038
1415	14.14000	401.813	60.902	278.514
1416	14.15000	403.744	60.957	279.731
1417	14.16000	405.213	61.074	280.645
1418	14.17000	406.304	61.186	281.286
1419	14.18000	406.914	61.371	281.607
1420	14.19000	407.130	61.545	281.664
1421	14.20000	406.927	61.729	281.489
1422	14.21000	406.241	61.982	280.937
1423	14.22000	405.148	62.229	280.156
1424	14.23000	403.631	62.480	279.093
1425	14.24000	401.695	62.720	277.801
1426	14.25000	399.287	62.982	276.196
1427	14.26000	396.451	63.237	274.355
1428	14.27000	393.215	63.445	272.259
1429	14.28000	389.510	63.665	269.921
1430	14.29000	385.415	63.848	267.351
1431	14.30000	380.865	63.993	264.531
1432	14.31000	375.868	64.132	261.486
1433	14.32000	370.378	64.232	258.238
1434	14.33000	364.521	64.264	254.867
1435	14.34000	358.252	64.265	251.344
1436	14.35000	351.510	64.239	247.599
1437	14.36000	344.337	64.144	243.792
1438	14.37000	336.704	64.028	239.862
1439	14.38000	328.684	63.888	235.841
1440	14.39000	320.207	63.693	231.755
1441	14.40000	311.325	63.477	227.619
1442	14.41000	302.063	63.246	223.426
1443	14.42000	292.372	62.980	219.176
1444	14.43000	282.277	62.710	214.918
1445	14.44000	271.831	62.427	210.737
1446	14.45000	260.930	62.216	206.489
1447	14.46000	249.758	61.938	202.309
1448	14.47000	238.198	61.746	198.239
1449	14.48000	226.306	61.567	194.228
1450	14.49000	214.019	61.401	190.345
1451	14.50000	201.482	61.304	186.602
1452	14.51000	188.619	61.213	182.988
1453	14.52000	175.483	61.180	179.560
1454	14.53000	162.093	61.202	176.307
1455	14.54000	148.467	61.267	173.234
1456	14.55000	134.546	61.347	170.326
1457	14.56000	120.559	61.518	167.686
1458	14.57000	106.249	61.671	165.179
1459	14.58000	91.784	61.900	162.972
1460	14.59000	77.242	62.131	161.009
1461	14.60000	62.579	62.375	159.351
1462	14.61000	47.797	62.623	158.002
1463	14.62000	32.975	62.837	156.916
1464	14.63000	18.047	63.057	156.129
1465	14.64000	3.150	63.231	155.645
1466	14.65000	-11.707	63.445	155.445
1467	14.66000	-26.587	63.527	155.623
1468	14.67000	-41.383	63.629	156.041
1469	14.68000	-56.148	63.658	156.666
1470	14.69000	-70.813	63.609	157.623
1471	14.70000	-85.404	63.576	158.828
1472	14.71000	-99.741	63.446	160.336
1473	14.72000	-113.937	63.310	162.118
1474	14.73000	-127.918	63.111	164.088
1475	14.74000	-141.773	62.905	166.391
1476	14.75000	-155.259	62.615	168.888
1477	14.76000	-168.538	62.349	171.634
1478	14.77000	-181.495	62.048	174.498
1479	14.78000	-194.373	61.755	177.488
1480	14.79000	-206.758	61.476	180.726
1481	14.80000	-218.837	61.194	184.102
1482	14.81000	-230.616	60.993	187.462
1483	14.82000	-242.087	60.760	190.955
1484	14.83000	-253.195	60.590	194.539
1485	14.84000	-263.830	60.468	198.062
1486	14.85000	-274.153	60.389	201.735
1487	14.86000	-284.108	60.329	205.402
1488	14.87000	-293.622	60.317	209.065
1489	14.88000	-302.786	60.349	212.707
1490	14.89000	-311.503	60.454	216.277
1491	14.90000	-319.735	60.566	219.781
1492	14.91000	-327.574	60.712	223.219
1493	14.92000	-335.053	60.898	226.514
1494	14.93000	-342.034	61.079	229.689
1495	14.94000	-348.653	61.298	232.825
1496	14.95000	-354.779	61.547	235.766
1497	14.96000	-360.540	61.767	238.453
1498	14.97000	-365.763	61.976	241.047
1499	14.98000	-370.599	62.208	243.474
1500	14.99000	-375.006	62.411	245.718
1501	15.00000	-378.853	62.599	247.818
1502	15.01000	-382.258	62.756	249.668
1503	15.02000	-385.290	62.877	251.282
1504	15.03000	-387.892	62.956	252.594
1505	15.04000	-389.931	63.006	253.816
1506	15.05000	-391.506	63.020	254.731
1507	15.06000	-392.749	63.018	255.433
1508	15.07000	-393.506	62.933	255.829
1509	15.08000	-393.758	62.851	256.004
1510	15.09000	-393.605	62.723	255.939
1511	15.10000	-393.016	62.577	255.634
1512	15.11000	-391.989	62.383	255.049
1513	15.12000	-390.469	62.182	254.203
1514	15.13000	-388.554	61.956	253.179
1515	15.14000	-386.074	61.703	251.860
1516	15.15000	-383.267	61.471	250.414
1517	15.16000	-379.914	61.241	248.696
1518	15.17000	-376.196	61.017	246.714
1519	15.18000	-372.019	60.809	244.578
1520	15.19000	-367.344	60.612	242.283
1521	15.20000	-362.285	60.427	239.681
1522	15.21000	-356.778	60.275	236.943
1523	15.22000	-350.810	60.170	234.018
1524	15.23000	-344.417	60.096	231.051
1525	15.24000	-337.614	60.050	227.798
1526	15.25000	-330.411	60.045	224.450
1527	15.26000	-322.689	60.095	221.072
1528	15.27000	-314.651	60.184	217.483
1529	15.28000	-306.115	60.312	213.859
1530	15.29000	-297.214	60.463	210.166
1531	15.30000	-287.900	60.660	206.538
1532	15.31000	-278.066	60.867	202.876
1533	15.32000	-267.979	61.173	199.165
1534	15.33000	-257.483	61.384	195.533
1535	15.34000	-246.537	61.675	191.895
1536	15.35000	-235.285	61.966	188.290
1537	15.36000	-223.662	62.252	184.926
1538	15.37000	-211.716	62.478	181.530
1539	15.38000	-199.485	62.710	178.269
1540	15.39000	-186.928	62.926	175.255
1541	15.40000	-174.064	63.105	172.308
1542	15.41000	-160.855	63.221	169.543
1543	15.42000	-147.431	63.297	167.089
1544	15.43000	-133.828	63.333	164.754
1545	15.44000	-119.889	63.342	162.752
1546	15.45000	-105.841	63.277	160.985
1547	15.46000	-91.534	63.164	159.407
1548	15.47000	-77.202	63.051	158.131
1549	15.48000	-62.678	62.854	157.149
1550	15.49000	-47.973	62.633	156.438
1551	15.50000	-33.287	62.443	155.961
1552	15.51000	-18.544	62.216	155.751
1553	15.52000	-3.698	62.018	155.889
1554	15.53000	11.040	61.813	156.280
1555	15.54000	25.879	61.647	156.955
1556	15.55000	40.686	61.456	158.013
1557	15.56000	55.341	61.362	159.220
1558	15.57000	69.968	61.270	160.739
1559	15.58000	84.404	61.226	162.454
1560	15.59000	98.778	61.235	164.484
1561	15.60000	112.994	61.284	166.732
1562	15.61000	127.032	61.383	169.165
1563	15.62000	140.855	61.507	171.835
1564	15.63000	154.531	61.676	174.740
1565	15.64000	167.834	61.849	177.766
1566	15.65000	180.980	62.081	181.055
1567	15.66000	193.803	62.305	184.449
1568	15.67000	206.332	62.556	188.027
1569	15.68000	218.616	62.789	191.778
1570	15.69000	230.508	63.074	195.597
1571	15.70000	242.076	63.277	199.515
1572	15.71000	253.288	63.510	203.555
1573	15.72000	264.163	63.693	207.661
1574	15.73000	274.658	63.870	211.784
1575	15.74000	284.756	63.973	215.953
1576	15.75000	294.519	64.071	220.086
1577	15.76000	303.804	64.114	224.198
1578	15.77000	312.727	64.127	228.285
1579	15.78000	321.212	64.097	232.307
1580	15.79000	329.333	63.996	236.338
1581	15.80000	336.940	63.891	240.229
1582	15.81000	344.191	63.728	244.018
1583	15.82000	350.988	63.563	247.734
1584	15.83000	357.390	63.333	251.261
1585	15.84000	363.309	63.124	254.617
1586	15.85000	368.810	62.891	257.836
1587	15.86000	373.927	62.635	260.874
1588	15.87000	378.570	62.405	263.693
1589	15.88000	382.802	62.157	266.297
1590	15.89000	386.601	61.941	268.608
1591	15.90000	389.980	61.708	270.725
1592	15.91000	392.908	61.522	272.593
1593	15.92000	395.420	61.363	274.215
1594	15.93000	397.479	61.238	275.540
1595	15.94000	399.142	61.131	276.614
1596	15.95000	400.383	61.048	277.415
1597	15.96000	401.164	60.991	277.976
1598	15.97000	401.540	60.986	278.230
1599	15.98000	401.508	61.001	278.197
1600	15.99000	400.992	61.062	277.894
1601	16.00000	400.146	61.127	277.304
1602	16.01000	398.810	61.269	276.403
1603	16.02000	397.094	61.401	275.232
1604	16.03000	394.973	61.532	273.841
1605	16.04000	392.354	61.740	272.127
1606	16.05000	389.352	61.945	270.162
1607	16.06000	385.935	62.153	267.969
1608	16.07000	382.068	62.389	265.543
1609	16.08000	377.818	62.602	262.912
1610	16.09000	373.057	62.846	260.040
1611	16.10000	367.882	63.068	256.970
1612	16.11000	362.297	63.267	253.738
1613	16.12000	356.307	63.447	250.359
1614	16.13000	349.892	63.565	246.863
1615	16.14000	342.982	63.688	243.199
1616	16.15000	335.677	63.782	239.382
1617	16.16000	327.977	63.852	235.482
1618	16.17000	319.835	63.871	231.481
1619	16.18000	311.301	63.836	227.407
1620	16.19000	302.366	63.761	223.283
1621	16.20000	292.998	63.670	219.130
1622	16.21000	283.259	63.553	214.993
1623	16.22000	273.062	63.392	210.860
1624	16.23000	262.582	63.207	206.750
1625	16.24000	251.698	62.997	202.764
1626	16.25000	240.435	62.758	198.798
1627	16.26000	228.859	62.543	194.875
1628	16.27000	216.971	62.325	191.068
1629	16.28000	204.714	62.111	187.396
1630	16.29000	192.183	61.919	183.874
1631	16.30000	179.386	61.744	180.488
1632	16.31000	166.267	61.596	177.206
1633	16.32000	152.968	61.504	174.167
1634	16.33000	139.339	61.424	171.246
1635	16.34000	125.612	61.376	168.573
1636	16.35000	111.629	61.379	166.126
1637	16.36000	97.491	61.418	163.953
1638	16.37000	83.228	61.505	162.017
1639	16.38000	68.840	61.629	160.354
1640	16.39000	54.370	61.762	158.950
1641	16.40000	39.717	61.973	157.745
1642	16.41000	25.059	62.183	156.769
1643	16.42000	10.354	62.420	156.124
1644	16.43000	-4.290	62.637	155.760
1645	16.44000	-18.972	62.873	155.644
1646	16.45000	-33.667	63.071	155.867
1647	16.46000	-48.215	63.254	156.356
1648	16.47000	-62.658	63.434	157.102
1649	16.48000	-77.048	63.533	158.136
1650	16.49000	-91.356	63.634	159.442
1651	16.50000	-105.304	63.695	161.027
1652	16.51000	-119.280	63.691	162.841
1653	16.52000	-132.985	63.630	164.891
1654	16.53000	-146.407	63.558	167.167
1655	16.54000	-159.640	63.407	169.627
1656	16.55000	-172.621	63.219	172.297
1657	16.56000	-185.405	62.993	175.102
1658	16.57000	-197.880	62.748	178.160
1659	16.58000	-209.920	62.483	181.236
1660	16.59000	-221.672	62.207	184.537
1661	16.60000	-233.109	61.912	187.932
1662	16.61000	-244.243	61.631	191.380
1663	16.62000	-254.985	61.326	194.912
1664	16.63000	-265.282	61.085	198.505
1665	16.64000	-275.315	60.840	202.086
1666	16.65000	-284.961	60.647	205.670
1667	16.66000	-294.023	60.469	209.312
1668	16.67000	-302.880	60.334	212.804
1669	16.68000	-311.292	60.257	216.246
1670	16.69000	-319.265	60.229	219.638
1671	16.70000	-326.815	60.186	222.886
1672	16.71000	-333.951	60.210	226.100
1673	16.72000	-340.634	60.250	229.202
1674	16.73000	-346.936	60.348	232.138
1675	16.74000	-352.780	60.487	234.928
1676	16.75000	-358.120	60.610	237.533
1677	16.76000	-363.052	60.801	239.995
1678	16.77000	-367.611	61.006	242.311
1679	16.78000	-371.649	61.198	244.309
1680	16.79000	-375.314	61.407	246.208
1681	16.80000	-378.523	61.614	247.863
1682	16.81000	-381.238	61.807	249.257
1683	16.82000	-383.563	62.013	250.522
1684	16.83000	-385.380	62.142	251.446
1685	16.84000	-386.820	62.332	252.183
1686	16.85000	-387.724	62.453	252.571
1687	16.86000	-388.236	62.531	252.844
1688	16.87000	-388.317	62.607	252.902
1689	16.88000	-387.926	62.624	252.619
1690	16.89000	-387.116	62.643	252.226
1691	16.90000	-385.849	62.592	251.487
1692	16.91000	-384.055	62.512	250.560
1693	16.92000	-381.879	62.450	249.396
1694	16.93000	-379.264	62.343	248.048
1695	16.94000	-376.151	62.179	246.430
1696	16.95000	-372.671	62.019	244.639
1697	16.96000	-368.784	61.802	242.560
1698	16.97000	-364.344	61.632	240.338
1699	16.98000	-359.504	61.405	237.964
1700	16.99000	-354.256	61.213	235.355
1701	17.00000	-348.545	61.024	232.659
1702	17.01000	-342.386	60.828	229.697
1703	17.02000	-335.832	60.694	226.718
1704	17.03000	-328.843	60.554	223.574
1705	17.04000	-321.426	60.458	220.317
1706	17.05000	-313.539	60.380	216.979
1707	17.06000	-305.283	60.349	213.610
1708	17.07000	-296.629	60.348	210.082
1709	17.08000	-287.535	60.364	206.611
1710	17.09000	-278.079	60.470	203.090
1711	17.10000	-268.212	60.586	199.450
1712	17.11000	-258.059	60.745	195.864
1713	17.12000	-247.394	60.935	192.386
1714	17.13000	-236.406	61.137	188.891
1715	17.14000	-225.103	61.388	185.536
1716	17.15000	-213.430	61.632	182.225
1717	17.16000	-201.542	61.887	179.013
1718	17.17000	-189.213	62.175	176.039
1719	17.18000	-176.654	62.436	173.087
1720	17.19000	-163.769	62.706	170.432
1721	17.20000	-150.669	62.923	167.837
1722	17.21000	-137.296	63.141	165.547
1723	17.22000	-123.662	63.304	163.437
1724	17.23000	-109.939	63.433	161.513
1725	17.24000	-95.971	63.524	159.864
1726	17.25000	-81.854	63.600	158.450
1727	17.26000	-67.526	63.573	157.308
1728	17.27000	-53.164	63.554	156.456
1729	17.28000	-38.769	63.449	155.852
1730	17.29000	-24.281	63.308	155.586
1731	17.30000	-9.601	63.166	155.645
1732	17.31000	4.944	62.950	155.877
1733	17.32000	19.560	62.743	156.410
1734	17.33000	34.007	62.573	157.258
1735	17.34000	48.547	62.308	158.439
1736	17.35000	62.995	62.107	159.758
1737	17.36000	77.307	61.949	161.393
1738	17.37000	91.513	61.725	163.255
1739	17.38000	105.533	61.600	165.366
1740	17.39000	119.404	61.466	167.671
1741	17.40000	133.105	61.378	170.214
1742	17.41000	146.603	61.340	173.015
1743	17.42000	159.928	61.343	176.025
1744	17.43000	172.931	61.361	179.129
1745	17.44000	185.667	61.418	182.456
1746	17.45000	198.216	61.563	185.923
1747	17.46000	210.376	61.677	189.516
1748	17.47000	222.243	61.844	193.188
1749	17.48000	233.822	62.001	196.972
1750	17.49000	245.028	62.188	200.861
1751	17.50000	255.911	62.415	204.768
1752	17.51000	266.428	62.659	208.693
1753	17.52000	276.548	62.822	212.694
1754	17.53000	286.363	63.048	216.720
1755	17.54000	295.733	63.210	220.714
1756	17.55000	304.706	63.379	224.690
1757	17.56000	313.285	63.498	228.642
1758	17.57000	321.466	63.608	232.540
1759	17.58000	329.203	63.678	236.373
1760	17.59000	336.537	63.720	240.079
1761	17.60000	343.480	63.723	243.636
1762	17.61000	350.002	63.695	247.097
1763	17.62000	356.068	63.646	250.394
1764	17.63000	361.695	63.540	253.528
1765	17.64000	366.895	63.439	256.509
1766	17.65000	371.726	63.272	259.310
1767	17.66000	376.100	63.132	261.904
1768	17.67000	380.079	62.928	264.314
1769	17.68000	383.576	62.729	266.468
1770	17.69000	386.641	62.529	268.394
1771	17.70000	389.320	62.323	270.100
1772	17.71000	391.521	62.130	271.557
1773	17.72000	393.336	61.943	272.746
1774	17.73000	394.708	61.782	273.673
1775	17.74000	395.675	61.611	274.347
1776	17.75000	396.198	61.491	274.722
1777	17.76000	396.335	61.351	274.845
1778	17.77000	396.034	61.256	274.646
1779	17.78000	395.298	61.214	274.188
1780	17.79000	394.176	61.152	273.478
1781	17.80000	392.602	61.180	272.433
1782	17.81000	390.653	61.209	271.195
1783	17.82000	388.246	61.268	269.714
1784	17.83000	385.390	61.368	267.941
1785	17.84000	382.161	61.500	265.931
1786	17.85000	378.488	61.638	263.690
1787	17.86000	374.380	61.798	261.231
1788	17.87000	369.857	62.004	258.558
1789	17.88000	364.949	62.202	255.656
1790	17.89000	359.588	62.396	252.602
1791	17.90000	353.835	62.625	249.368
1792	17.91000	347.610	62.856	245.946
1793	17.92000	340.998	63.080	242.345
1794	17.93000	333.976	63.275	238.651
1795	17.94000	326.524	63.467	234.862
1796	17.95000	318.638	63.653	230.984
1797	17.96000	310.366	63.791	226.987
1798	17.97000	301.695	63.866	223.011
1799	17.98000	292.571	63.948	218.981
1800	17.99000	283.108	63.981	214.899
1801	18.00000	273.237	63.992	210.886
1802	18.01000	263.018	63.957	206.850
1803	18.02000	252.438	63.863	202.901
1804	18.03000	241.448	63.749	198.971
1805	18.04000	230.147	63.579	195.097
1806	18.05000	218.510	63.414	191.318
1807	18.06000	206.547	63.231	187.691
1808	18.07000	194.287	62.995	184.157
1809	18.08000	181.728	62.766	180.748
1810	18.09000	168.949	62.544	177.579
1811	18.10000	155.824	62.318	174.554
1812	18.11000	142.572	62.128	171.749
1813	18.12000	129.032	61.905	169.130
1814	18.13000	115.353	61.748	166.737
1815	18.14000	101.429	61.598	164.542
1816	18.15000	87.367	61.481	162.606
1817	18.16000	73.184	61.433	160.866
1818	18.17000	58.968	61.387	159.395
1819	18.18000	44.654	61.351	158.254
1820	18.19000	30.163	61.438	157.206
1821	18.20000	15.745	61.494	156.473
1822	18.21000	1.237	61.608	156.086
1823	18.22000	-13.258	61.781	155.880
1824	18.23000	-27.720	61.906	156.016
1825	18.24000	-42.100	62.092	156.349
1826	18.25000	-56.419	62.284	156.990
1827	18.26000	-70.638	62.500	157.838
1828	18.27000	-84.635	62.689	159.016
1829	18.28000	-98.647	62.820	160.398
1830	18.29000	-112.410	62.999	161.981
1831	18.30000	-125.983	63.116	163.857
1832	18.31000	-139.420	63.214	165.962
1833	18.32000	-152.558	63.263	168.202
1834	18.33000	-165.406	63.252	170.676
1835	18.34000	-178.088	63.167	173.376
1836	18.35000	-190.411	63.144	176.157
1837	18.36000	-202.499	63.007	179.183
1838	18.37000	-214.208	62.827	182.228
1839	18.38000	-225.649	62.652	185.559
1840	18.39000	-236.681	62.431	188.856
1841	18.40000	-247.402	62.228	192.315
1842	18.41000	-257.777	61.972	195.715
1843	18.42000	-267.751	61.714	199.195
1844	18.43000	-277.386	61.513	202.642
1845	18.44000	-286.625	61.247	206.117
1846	18.45000	-295.367	61.046	209.547
1847	18.46000	-303.791	60.830	213.015
1848	18.47000	-311.807	60.676	216.334
1849	18.48000	-319.425	60.535	219.628
1850	18.49000	-326.613	60.433	222.796
1851	18.50000	-333.312	60.348	225.851
1852	18.51000	-339.589	60.297	228.820
1853	18.52000	-345.562	60.284	231.518
1854	18.53000	-350.977	60.300	234.196
1855	18.54000	-356.001	60.357	236.709
1856	18.55000	-360.650	60.460	239.010
1857	18.56000	-364.847	60.564	240.998
1858	18.57000	-368.587	60.698	242.925
1859	18.58000	-371.916	60.856	244.571
1860	18.59000	-374.812	61.059	246.014
1861	18.60000	-377.133	61.230	247.281
1862	18.61000	-379.192	61.420	248.200
1863	18.62000	-380.746	61.643	249.014
1864	18.63000	-381.875	61.826	249.632
1865	18.64000	-382.476	61.985	249.890
1866	18.65000	-382.747	62.187	249.936
1867	18.66000	-382.491	62.359	249.821
1868	18.67000	-381.827	62.502	249.434
1869	18.68000	-380.647	62.582	248.865
1870	18.69000	-379.133	62.688	247.986
1871	18.70000	-377.158	62.754	246.866
1872	18.71000	-374.728	62.767	245.555
1873	18.72000	-371.858	62.746	244.041
1874	18.73000	-368.608	62.706	242.317
1875	18.74000	-364.850	62.639	240.402
1876	18.75000	-360.594	62.509	238.237
1877	18.76000	-356.054	62.415	235.954
1878	18.77000	-351.017	62.272	233.514
1879	18.78000	-345.465	62.110	230.933
1880	18.79000	-339.564	61.930	228.120
1881	18.80000	-333.273	61.740	225.258
1882	18.81000	-326.416	61.573	222.303
1883	18.82000	-319.270	61.366	219.171
1884	18.83000	-311.625	61.167	216.012
1885	18.84000	-303.597	61.010	212.737
1886	18.85000	-295.189	60.892	209.349
1887	18.86000	-286.318	60.762	206.005
1888	18.87000	-277.115	60.707	202.529
1889	18.88000	-267.498	60.616	199.154
1890	18.89000	-257.538	60.599	195.756
1891	18.90000	-247.201	60.653	192.337
1892	18.91000	-236.544	60.667	188.993
1893	18.92000	-225.421	60.762	185.786
1894	18.93000	-214.012	60.881	182.534
1895	18.94000	-202.288	61.020	179.492
1896	18.95000	-190.275	61.184	176.482
1897	18.96000	-177.964	61.420	173.650
1898	18.97000	-165.307	61.652	170.987
1899	18.98000	-152.531	61.872	168.397
1900	18.99000	-139.445	62.112	166.128
1901	19.00000	-126.156	62.340	163.939
1902	19.01000	-112.660	62.580	161.938
1903	19.02000	-98.930	62.768	160.284
1904	19.03000	-85.031	62.994	158.810
1905	19.04000	-71.018	63.172	157.615
1906	19.05000	-56.872	63.289	156.709
1907	19.06000	-42.675	63.347	156.007
1908	19.07000	-28.438	63.370	155.613
1909	19.08000	-14.055	63.391	155.522
1910	19.09000	0.353	63.326	155.681
1911	19.10000	14.739	63.265	156.114
1912	19.11000	29.087	63.151	156.795
1913	19.12000	43.348	63.061	157.754
1914	19.13000	57.607	62.865	158.987
1915	19.14000	71.745	62.692	160.456
1916	19.15000	85.728	62.516	162.198
1917	19.16000	99.667	62.328	164.231
1918	19.17000	113.421	62.164	166.496
1919	19.18000	126.964	61.984	168.949
1920	19.19000	140.344	61.854	171.613
1921	19.20000	153.551	61.717	174.480
1922	19.21000	166.427	61.621	177.463
1923	19.22000	179.070	61.545	180.645
1924	19.23000	191.506	61.524	184.006
1925	19.24000	203.612	61.507	187.454
1926	19.25000	215.464	61.512	191.124
1927	19.26000	226.985	61.605	194.802
1928	19.27000	238.151	61.688	198.521
1929	19.28000	248.974	61.816	202.369
1930	19.29000	259.491	61.963	206.245
1931	19.30000	269.629	62.123	210.142
1932	19.31000	279.389	62.300	214.058
1933	19.32000	288.789	62.500	217.961
1934	19.33000	297.780	62.692	221.845
1935	19.34000	306.371	62.882	225.698
1936	19.35000	314.576	63.060	229.456
1937	19.36000	322.419	63.243	233.139
1938	19.37000	329.823	63.390	236.752
1939	19.38000	336.807	63.531	240.243
1940	19.39000	343.383	63.642	243.622
1941	19.40000	349.547	63.722	246.869
1942	19.41000	355.257	63.784	249.975
1943	19.42000	360.619	63.784	252.930
1944	19.43000	365.474	63.788	255.681
1945	19.44000	369.901	63.770	258.224
1946	19.45000	373.980	63.695	260.589
1947	19.46000	377.624	63.586	262.787
1948	19.47000	380.791	63.486	264.679
1949	19.48000	383.558	63.335	266.392
1950	19.49000	385.892	63.178	267.827
1951	19.50000	387.806	63.016	269.035
1952	19.51000	389.306	62.832	270.000
1953	19.52000	390.399	62.609	270.722
1954	19.53000	391.050	62.410	271.183
1955	19.54000	391.255	62.243	271.343
1956	19.55000	391.062	62.077	271.272
1957	19.56000	390.458	61.879	270.941
1958	19.57000	389.444	61.741	270.344
1959	19.58000	387.983	61.619	269.463
1960	19.59000	386.103	61.521	268.365
1961	19.60000	383.807	61.436	267.002
1962	19.61000	381.151	61.363	265.388
1963	19.62000	378.008	61.343	263.541
1964	19.63000	374.478	61.318	261.452
1965	19.64000	370.530	61.348	259.131
1966	19.65000	366.139	61.423	256.555
1967	19.66000	361.403	61.482	253.801
1968	19.67000	356.197	61.612	250.886
1969	19.68000	350.579	61.718	247.798
1970	19.69000	344.572	61.869	244.533
1971	19.70000	338.136	62.026	241.099
1972	19.71000	331.309	62.210	237.558
1973	19.72000	324.041	62.424	233.882
1974	19.73000	316.342	62.618	230.104
1975	19.74000	308.296	62.808	226.254
1976	19.75000	299.877	63.005	222.380
1977	19.76000	290.966	63.161	218.454
1978	19.77000	281.735	63.344	214.450
1979	19.78000	272.135	63.461	210.499
1980	19.79000	262.112	63.559	206.525
1981	19.80000	251.773	63.609	202.608
1982	19.81000	241.059	63.686	198.706
1983	19.82000	230.023	63.664	194.907
1984	19.83000	218.608	63.634	191.233
1985	19.84000	206.862	63.603	187.617
1986	19.85000	194.886	63.483	184.178
1987	19.86000	182.614	63.344	180.835
1988	19.87000	170.080	63.200	177.712
1989	19.88000	157.286	63.047	174.750
1990	19.89000	144.174	62.836	171.930
1991	19.90000	130.927	62.627	169.315
1992	19.91000	117.516	62.453	166.926
1993	19.92000	103.856	62.231	164.729
1994	19.93000	90.061	62.036	162.762
1995	19.94000	76.120	61.885	161.034
1996	19.95000	62.099	61.722	159.579
1997	19.96000	47.974	61.607	158.377
1998	19.97000	33.822	61.506	157.451
1999	19.98000	19.620	61.481	156.787
2000	19.99000	5.323	61.454	156.309
